alloy,solute,plane,T_C,T_K,xB_bulk,L,seed,A_scale,omega_scale,omega_Jmol,omega_source,include_elastic,step,delta,accepted_total,proposed_total,acc_total,ads_total,ads_first2,term1_Jmol,term2_Jmol,term3_Jmol,term4_Jmol,term5_Jmol,Eel_Jmol,total_Jmol,yB_L1,yB_L2,yB_L3,yB_L4
Fe-1.15Cu_wt,CU,110,550.0,823.15,0.010120444745023863,4,1,0.0,1.0,45.59003049423073,CALPHAD_LSQ,False,0,1.5,0,0,0.0,1.5696386657649284,1.3797591105099523,52283.62721099603,39999.36045381767,-80.41038487729455,-96.45973534526938,-194.7463582846497,0.0,91911.37118630648,0.9,0.5,0.2,0.010120444745023863
Fe-1.15Cu_wt,CU,110,550.0,823.15,0.010120444745023863,4,1,0.0,1.0,45.59003049423073,CALPHAD_LSQ,False,1000,1.5,664,1000,0.664,1.292717902351353,1.2868878395780037,48570.585790032725,37046.04849313437,-89.34383442223502,-53.03673274230405,-194.83944399748898,0.0,85279.41427200506,0.999999999999,0.3071287290690513,1e-12,0.026070952262397327
Fe-1.15Cu_wt,CU,110,550.0,823.15,0.010120444745023863,4,1,0.0,1.0,45.59003049423073,CALPHAD_LSQ,False,2000,0.2,1356,2000,0.678,0.5682991603389758,0.5885400498270235,63096.71156003872,14792.292525259998,-54.394477025585985,1.0675112896337051,-65.41287809991333,0.0,77770.26424146284,0.6087809393160711,1e-12,1e-12,1e-12
Fe-1.15Cu_wt,CU,110,550.0,823.15,0.010120444745023863,4,1,0.0,1.0,45.59003049423073,CALPHAD_LSQ,False,3000,0.2,2232,3000,0.744,1.4753168935270726,1.253685506154436,53183.33444668726,36865.9915441102,-78.2457203115057,-77.22704466185071,-173.92257940155793,0.0,89719.93064642255,0.8757689954493206,0.39815740019516305,0.2418722768616844,1e-12
Fe-1.15Cu_wt,CU,110,550.0,823.15,0.010120444745023863,4,1,0.0,1.0,45.59003049423073,CALPHAD_LSQ,False,4000,0.2,3112,4000,0.778,0.5779568385138665,0.5506873598307147,71753.77449929851,10458.41851153938,-33.56588229496566,-13.536602867315795,-30.889577100011554,0.0,82134.2009485756,0.3756280611850425,0.19530018813571998,0.04751036817219953,1e-12
Fe-1.15Cu_wt,CU,110,550.0,823.15,0.010120444745023863,4,1,0.0,1.0,45.59003049423073,CALPHAD_LSQ,False,5000,0.2,4013,5000,0.8026,0.693677443374075,0.30236039740185083,82313.31082130848,11117.614724470173,-8.16000224793702,-20.378273171533056,-28.763465688696463,0.0,93373.62380467048,0.09123758112503744,0.2313637057668611,0.3189952158673523,0.0925627195949196
Fe-1.15Cu_wt,CU,110,550.0,823.15,0.010120444745023863,4,1,0.0,1.0,45.59003049423073,CALPHAD_LSQ,False,6000,0.2,4899,6000,0.8165,1.6035891814277212,0.6891124314942492,63765.385506952334,35264.41609357256,-52.78567058107849,-58.71382790888241,-139.88362020145271,0.0,98778.41848183348,0.5907721462244646,0.11858117475983229,0.47048339539166395,0.46423424403185587
Fe-1.15Cu_wt,CU,110,550.0,823.15,0.010120444745023863,4,1,0.0,1.0,45.59003049423073,CALPHAD_LSQ,False,7000,0.2,5797,7000,0.8281428571428572,0.8822073699775649,0.8333046252267984,56751.5262256181,22085.223283427713,-69.6607740074378,-8.720469297024518,-109.39009214626653,0.0,78648.97817359508,0.7796701003831452,0.07387541433370085,1e-12,0.0691436342398142
Fe-1.15Cu_wt,CU,110,550.0,823.15,0.010120444745023863,4,1,0.0,1.0,45.59003049423073,CALPHAD_LSQ,False,8000,0.2,6711,8000,0.838875,1.6528725124857937,0.7390056613033466,65916.60122308378,43338.2189372736,-47.60991979310118,-55.35670977208076,-214.06662685729782,0.0,108937.7869039349,0.5328353910898607,0.2264111597035336,0.934107740671495,1e-12
Fe-1.15Cu_wt,CU,110,550.0,823.15,0.010120444745023863,4,1,0.0,1.0,45.59003049423073,CALPHAD_LSQ,False,9000,0.2,7598,9000,0.8442222222222222,1.3460915026495914,0.3663323921396391,73697.59565491581,37846.38757636835,-28.889115663692778,-1.111705269077852,-197.10550450363635,0.0,111316.87690584775,0.3232768769342193,0.06329640469546752,1e-12,0.999999999999
Fe-1.15Cu_wt,CU,110,550.0,823.15,0.010120444745023863,4,1,0.0,1.0,45.59003049423073,CALPHAD_LSQ,False,10000,0.2,8477,10000,0.8477,0.5205761195645636,0.4350289990083855,71934.63946737078,8618.527370750695,-33.130727422305554,-6.018218122257579,-25.575362060831008,0.0,80488.44253051608,0.370756987917469,0.0845129005809642,0.07519147251929795,0.03059653752692798
Fe-1.15Cu_wt,CU,110,550.0,823.15,0.010120444745023863,4,1,0.0,1.0,45.59003049423073,CALPHAD_LSQ,False,11000,0.2,9379,11000,0.8526363636363636,1.8580533902688903,1.285166164965029,52112.70282160526,45435.95880161015,-80.82162306063431,-105.56002157044063,-211.14181105643098,0.0,97151.1381675279,0.9046033526161075,0.4008037018389693,0.4397350875738335,0.1533930272200754
Fe-1.15Cu_wt,CU,110,550.0,823.15,0.010120444745023863,4,1,0.0,1.0,45.59003049423073,CALPHAD_LSQ,False,12000,0.2,10274,12000,0.8561666666666666,1.095098095370144,0.7255744190214886,59434.8513704911,24254.519347735255,-63.20478629368534,-9.774227946261572,-104.18850354977332,0.0,83512.20320043665,0.7074025213118079,0.03841278719972829,0.28448470152264066,0.10527986431606248
Fe-1.15Cu_wt,CU,110,550.0,823.15,0.010120444745023863,4,1,0.0,1.0,45.59003049423073,CALPHAD_LSQ,False,13000,0.2,11162,13000,0.8586153846153847,1.2676613703717188,1.156035377066185,61675.256141252656,29464.29882248776,-57.814449717625884,-71.59416634765013,-125.84270170586967,0.0,90884.30364596927,0.6470637177075675,0.5292125488486653,0.13186688279458156,1e-12
Fe-1.15Cu_wt,CU,110,550.0,823.15,0.010120444745023863,4,1,0.0,1.0,45.59003049423073,CALPHAD_LSQ,False,14000,0.2,12049,14000,0.8606428571428572,1.1278381129365744,0.6894230235918059,61266.36930948468,23768.443833754147,-58.79821732672573,-15.252853394880223,-94.42306720265218,0.0,84866.33900531458,0.6580758984350801,0.051588014646773504,0.22178468996478587,0.23687128887003045
Fe-1.15Cu_wt,CU,110,550.0,823.15,0.010120444745023863,4,1,0.0,1.0,45.59003049423073,CALPHAD_LSQ,False,15000,0.2,12947,15000,0.8631333333333333,0.6199046841005564,0.5568264937869406,78243.93092970426,11064.210512600717,-17.950789858221796,-11.922115545768843,-32.071788374615096,0.0,89246.19674852639,0.20083452417523848,0.37623285910174986,1e-12,0.08331907980266351
Fe-1.15Cu_wt,CU,110,550.0,823.15,0.010120444745023863,4,1,0.0,1.0,45.59003049423073,CALPHAD_LSQ,False,16000,0.2,13819,16000,0.8636875,0.764882125268037,0.14756315469162193,83958.3659079937,13458.423568785845,-4.202056469961458,-20.61878016381402,-40.73571418479568,0.0,97351.23292596098,0.04693279428961404,0.12087124989205561,0.2207535093088127,0.4168063507576501
Fe-1.15Cu_wt,CU,110,550.0,823.15,0.010120444745023863,4,1,0.0,1.0,45.59003049423073,CALPHAD_LSQ,False,17000,0.2,14714,17000,0.8655294117647059,1.3359305931684502,0.3191605310869591,81515.18446155122,28881.14726543646,-10.080266731151061,-57.49291889248809,-117.49648409152375,0.0,110211.26205727253,0.11273279944506917,0.22666862113193764,0.3314532126440749,0.705557738927464
Fe-1.15Cu_wt,CU,110,550.0,823.15,0.010120444745023863,4,1,0.0,1.0,45.59003049423073,CALPHAD_LSQ,False,18000,0.2,15608,18000,0.8671111111111112,1.0748302884343301,0.7041206385543954,73483.41424567244,20528.46667714721,-29.404428744268,-47.985413507042345,-65.48972323316171,0.0,93869.00135733518,0.32904523190144386,0.39531629614299935,0.3374635863044859,0.05348695306549655
Fe-1.15Cu_wt,CU,110,550.0,823.15,0.010120444745023863,4,1,0.0,1.0,45.59003049423073,CALPHAD_LSQ,False,19000,0.2,16501,19000,0.8684736842105263,0.7160144390836345,0.7033537864603381,83217.99327414333,16933.857279890002,-5.983367481364363,-5.456502133337455,-76.94428179458104,0.0,100063.46640262404,0.0668725835325493,0.6567220924178365,1e-12,0.03290154211234417
Fe-1.15Cu_wt,CU,110,550.0,823.15,0.010120444745023863,4,1,0.0,1.0,45.59003049423073,CALPHAD_LSQ,False,20000,0.2,17393,20000,0.86965,1.2658621430319905,0.7726340721977998,56327.8609680163,30001.512407168175,-70.68009799918254,-8.708962480222368,-134.86740499660925,0.0,86115.11690970846,0.7910802951416958,0.0017946665461517214,0.3198286646723702,0.19364029565186833
Fe-1.15Cu_wt,CU,110,550.0,823.15,0.010120444745023863,4,1,0.0,1.0,45.59003049423073,CALPHAD_LSQ,False,21000,0.2,18286,21000,0.8707619047619047,0.5448134152112128,0.3742766115957393,82628.33377678068,9100.808907695835,-7.402067886548015,-3.1052571469422072,-23.525172144363953,0.0,91695.11018729865,0.08275335162814967,0.31176414945763736,1e-12,0.19077769310452128
Fe-1.15Cu_wt,CU,110,550.0,823.15,0.010120444745023863,4,1,0.0,1.0,45.59003049423073,CALPHAD_LSQ,False,22000,0.2,19166,22000,0.8711818181818182,1.6278870422386928,0.7817136445838287,64173.25584176824,36361.98369403152,-51.80434862857236,-70.71299446675718,-150.31541375175007,0.0,100262.40677895267,0.5797873418937333,0.2221671921801432,0.6531946072247016,0.21321967992021013
Fe-1.15Cu_wt,CU,110,550.0,823.15,0.010120444745023863,4,1,0.0,1.0,45.59003049423073,CALPHAD_LSQ,False,23000,0.2,20040,23000,0.871304347826087,0.7043457807770178,0.5047121588077639,72307.03832908736,11517.954958751568,-32.23474861017716,-12.808141502913651,-31.144287773878997,0.0,83748.80610995195,0.36072750482012644,0.16422554347768512,0.064198613745211,0.15567589771409066
Fe-1.15Cu_wt,CU,110,550.0,823.15,0.010120444745023863,4,1,0.0,1.0,45.59003049423073,CALPHAD_LSQ,False,24000,0.2,20930,24000,0.8720833333333333,0.30164185503747454,0.32188274452552224,75107.74984948964,5424.430854159329,-25.496333327172778,-2.276194341653898,-14.243988751836355,0.0,80490.1641872283,0.28529846423464134,0.05682516978092862,1e-12,1e-12
Fe-1.15Cu_wt,CU,110,550.0,823.15,0.010120444745023863,4,1,0.0,1.0,45.59003049423073,CALPHAD_LSQ,False,25000,0.2,21816,25000,0.87264,1.7902693835685701,1.46170070506466,55492.246211954334,43732.461685517206,-72.69055827041501,-122.54304294834613,-206.6349378821769,0.0,98822.83935837059,0.8135851546710251,0.6683564398836824,0.18677132517921485,0.16203824281474288
Fe-1.15Cu_wt,CU,110,550.0,823.15,0.010120444745023863,4,1,0.0,1.0,45.59003049423073,CALPHAD_LSQ,False,26000,0.2,22704,26000,0.8732307692307693,1.2353235588483913,1.1882546613073406,48570.585790032725,35102.2472861146,-89.34383442223502,-35.33793333909227,-186.47913762691016,0.0,83361.67217075909,0.999999999999,0.20849555079838816,1e-12,0.06730978703009846
Fe-1.15Cu_wt,CU,110,550.0,823.15,0.010120444745023863,4,1,0.0,1.0,45.59003049423073,CALPHAD_LSQ,False,27000,0.2,23582,27000,0.8734074074074074,1.038117096252308,0.6058301983415885,62454.721183940426,22340.05348141725,-55.93908371939538,-6.558442092225806,-86.93440499811528,0.0,84645.34273454794,0.6260710878306361,1e-12,0.2697649741717467,0.1827628132290207
Fe-1.15Cu_wt,CU,110,550.0,823.15,0.010120444745023863,4,1,0.0,1.0,45.59003049423073,CALPHAD_LSQ,False,28000,0.2,24486,28000,0.8745,0.9920986431298248,0.8444644321363273,58429.18129768623,22231.20142835074,-65.62439378945307,-19.028076503133327,-100.77981963927324,0.0,80474.95043610512,0.734487327506453,0.13021799411992205,0.12008331395761163,0.04779178652593358
Fe-1.15Cu_wt,CU,110,550.0,823.15,0.010120444745023863,4,1,0.0,1.0,45.59003049423073,CALPHAD_LSQ,False,29000,0.2,25370,29000,0.8748275862068966,1.483307354389823,1.1258781600555021,49319.078613076024,38585.96007261873,-87.54298651581101,-31.290566365342645,-194.31509498891558,0.0,87591.89003782469,0.9798415170149446,0.1662775325306052,0.05293960540005599,0.3247304784243126
Fe-1.15Cu_wt,CU,110,550.0,823.15,0.010120444745023863,4,1,0.0,1.0,45.59003049423073,CALPHAD_LSQ,False,30000,0.2,26265,30000,0.8755,0.8266942385183169,0.6646646204849468,68611.4240032475,15859.837972776304,-41.12626916555088,-16.896268706593755,-50.766107674220144,0.0,84362.47333047744,0.4602581565639489,0.2246473534110456,1e-12,0.18227050752241789
Fe-1.15Cu_wt,CU,110,550.0,823.15,0.010120444745023863,4,1,0.0,1.0,45.59003049423073,CALPHAD_LSQ,False,31000,0.2,27171,31000,0.8764838709677419,0.8161384700405041,0.6294540951939653,71966.10521492308,14126.67984105272,-33.055021919381375,-25.417948688657255,-40.5263493613482,0.0,85993.78573600642,0.369909549282006,0.2797854354020072,0.13979157829976385,0.06713368603682257
Fe-1.15Cu_wt,CU,110,550.0,823.15,0.010120444745023863,4,1,0.0,1.0,45.59003049423073,CALPHAD_LSQ,False,32000,0.2,28053,32000,0.87665625,1.0523266481409235,1.0725675376289714,48570.585790032725,32439.465768420498,-89.34383442223502,-14.79245631459532,-179.9718760373756,0.0,80725.94339167901,0.999999999999,0.09280842712001913,1e-12,1e-12
Fe-1.15Cu_wt,CU,110,550.0,823.15,0.010120444745023863,4,1,0.0,1.0,45.59003049423073,CALPHAD_LSQ,False,33000,0.2,28934,33000,0.8767878787878788,1.1267981350928484,0.8561022076761607,56291.71906227461,25916.16834626709,-70.76705417736531,-15.928405537774946,-120.35294199431725,0.0,82000.83900683223,0.7920536725335361,0.0842894246326723,0.20210436340251411,0.08883245350422136
Fe-1.15Cu_wt,CU,110,550.0,823.15,0.010120444745023863,4,1,0.0,1.0,45.59003049423073,CALPHAD_LSQ,False,34000,0.2,29830,34000,0.8773529411764706,1.2201973323135353,0.746579054409896,70927.98371356823,23137.75614099814,-35.55270643254402,-47.78878484345901,-72.08679766980943,0.0,93910.31156562056,0.3978683405705542,0.3689516033293896,0.2020198803525058,0.29183928704118134
Fe-1.15Cu_wt,CU,110,550.0,823.15,0.010120444745023863,4,1,0.0,1.0,45.59003049423073,CALPHAD_LSQ,False,35000,0.2,30728,35000,0.8779428571428571,0.8961579078087185,0.4728483377369266,67547.30286745739,17590.838588713203,-43.68650790207959,-6.887845127573012,-59.104544196993025,0.0,85028.46255894395,0.4889171725870831,0.004172054639891199,0.2729208309541349,0.17062962860770473
Fe-1.15Cu_wt,CU,110,550.0,823.15,0.010120444745023863,4,1,0.0,1.0,45.59003049423073,CALPHAD_LSQ,False,36000,0.2,31610,36000,0.8780555555555556,1.6930819795113607,1.1407506032562797,48570.585790032725,46461.142506761265,-89.34383442223502,-42.640218050262625,-237.89333303678382,0.0,94661.85091128471,0.999999999999,0.16099149274732735,0.5595683958184874,0.013003869926641404
Fe-1.15Cu_wt,CU,110,550.0,823.15,0.010120444745023863,4,1,0.0,1.0,45.59003049423073,CALPHAD_LSQ,False,37000,0.2,32509,37000,0.8786216216216216,1.226105003486705,0.565816586592115,64887.40441419642,27949.521017655683,-50.08613180412249,-10.89846869504471,-119.39274584932042,0.0,92656.5480855036,0.5605538216752661,0.025503654406896552,0.5986294039836262,0.08189990240101136
Fe-1.15Cu_wt,CU,110,550.0,823.15,0.010120444745023863,4,1,0.0,1.0,45.59003049423073,CALPHAD_LSQ,False,38000,0.2,33411,38000,0.8792368421052632,1.1910609602718816,0.7260442750945181,59280.69095811771,26340.307598628813,-63.575690926741544,-13.557236898638942,-111.12539008191895,0.0,85432.74023883924,0.7115543848353733,0.034730779749192524,0.3083471430098728,0.1769104316575385
Fe-1.15Cu_wt,CU,110,550.0,823.15,0.010120444745023863,4,1,0.0,1.0,45.59003049423073,CALPHAD_LSQ,False,39000,0.2,34302,39000,0.8795384615384615,1.8583128211453888,1.2147360418236626,48570.585790032725,47410.803412005684,-89.34383442223502,-72.0029630209245,-225.757958799864,0.0,95594.28444579539,0.999999999999,0.2349769313147102,0.3167223725703003,0.34709529624147367
Fe-1.15Cu_wt,CU,110,550.0,823.15,0.010120444745023863,4,1,0.0,1.0,45.59003049423073,CALPHAD_LSQ,False,40000,0.2,35193,40000,0.879825,0.9510375031219406,0.7543807553099054,60523.71548933385,20440.033213870207,-60.58501679365801,-14.149868502761288,-87.40248882634262,0.0,80801.61132908131,0.6780771248138241,0.09654451998612909,0.16463116443378123,0.05226647286830157
Fe-1.15Cu_wt,CU,110,550.0,823.15,0.010120444745023863,4,1,0.0,1.0,45.59003049423073,CALPHAD_LSQ,False,41000,0.2,36070,41000,0.8797560975609756,0.780896431894994,0.26645980941060043,81489.40350384556,15738.283355014506,-10.142294825850835,-1.8044307553705419,-56.99734047618415,0.0,97158.74279280266,0.11342713475627358,0.1732735641443746,1e-12,0.5346775119734413
Fe-1.15Cu_wt,CU,110,550.0,823.15,0.010120444745023863,4,1,0.0,1.0,45.59003049423073,CALPHAD_LSQ,False,42000,0.2,36953,42000,0.8798333333333334,0.7727397755425712,0.44136494229320156,68561.38426417147,14904.658026113479,-41.246663051208614,-3.2031297820588733,-48.77349856842391,0.0,83372.81899888326,0.4616058317822493,1e-12,0.11019184750960567,0.2414238752298117
Fe-1.15Cu_wt,CU,110,550.0,823.15,0.010120444745023863,4,1,0.0,1.0,45.59003049423073,CALPHAD_LSQ,False,43000,0.2,37845,43000,0.8801162790697674,1.3620298432308084,1.1528649499901649,69937.5266997531,31255.41275980301,-37.93571183329018,-61.040592174610445,-136.70674969318216,0.0,100957.25640585502,0.42454342715087706,0.7485624123293356,0.041440584005901164,0.1879651987247901
Fe-1.15Cu_wt,CU,110,550.0,823.15,0.010120444745023863,4,1,0.0,1.0,45.59003049423073,CALPHAD_LSQ,False,44000,0.2,38726,44000,0.8801363636363636,0.6960737121257713,0.45430903888992585,68080.76459596078,13588.784146065776,-42.4030173897369,-0.9499879748513714,-46.188545160760064,0.0,81580.00719150121,0.4745499283789736,1e-12,0.06673848070380192,0.19526708202209125
Fe-1.15Cu_wt,CU,110,550.0,823.15,0.010120444745023863,4,1,0.0,1.0,45.59003049423073,CALPHAD_LSQ,False,45000,0.2,39637,45000,0.8808222222222222,1.6365408667009635,0.6504256910416588,65389.638016108496,38874.823487443566,-48.8777750868707,-42.216931911640025,-177.7815298151895,0.0,103995.58526673837,0.5470276164713193,0.1236389640603873,0.19697120300168222,0.8093848621476702
Fe-1.15Cu_wt,CU,110,550.0,823.15,0.010120444745023863,4,1,0.0,1.0,45.59003049423073,CALPHAD_LSQ,False,46000,0.2,40498,46000,0.8803913043478261,1.4022344706034917,0.7537851229604519,58586.906577615126,32025.362593922408,-65.24491220805967,-22.294403070461808,-138.2330385812773,0.0,90386.49681767773,0.7302394546161368,0.04378655783436272,0.21586680106300826,0.45282343607007924
Fe-1.15Cu_wt,CU,110,550.0,823.15,0.010120444745023863,4,1,0.0,1.0,45.59003049423073,CALPHAD_LSQ,False,47000,0.2,41396,47000,0.8807659574468085,1.4380589797284316,0.792631308974968,68077.29370521646,29842.407299536855,-42.411368233108966,-49.7143217766915,-108.47187498063762,0.0,97719.1034397629,0.4746434067529205,0.3382287917120953,0.15521497642335777,0.5104535838201535
Fe-1.15Cu_wt,CU,110,550.0,823.15,0.010120444745023863,4,1,0.0,1.0,45.59003049423073,CALPHAD_LSQ,False,48000,0.2,42292,48000,0.8810833333333333,1.1855345205760999,0.9407348501023568,53680.53697541583,29829.33533818435,-77.04946818274244,-17.39348787717789,-145.7528410928039,0.0,83269.67651644745,0.8623782876075909,0.09859745198481351,0.26504055996279086,1e-12
Fe-1.15Cu_wt,CU,110,550.0,823.15,0.010120444745023863,4,1,0.0,1.0,45.59003049423073,CALPHAD_LSQ,False,49000,0.2,43182,49000,0.881265306122449,1.337991732648296,0.862727082904077,63505.79779425249,27284.653007041637,-53.410229661081694,-47.97299543854635,-98.71648065468013,0.0,90590.35109553982,0.5977633882621014,0.2852045841320232,0.1869524030528769,0.3085531361813899
Fe-1.15Cu_wt,CU,110,550.0,823.15,0.010120444745023863,4,1,0.0,1.0,45.59003049423073,CALPHAD_LSQ,False,50000,0.2,44079,50000,0.88158,2.0232382361579875,1.4391027317286105,61746.62087573803,52676.39009231262,-57.642748628805876,-90.53396539734491,-255.85883124024966,0.0,114018.97542278426,0.6451417155967979,0.8142019056218602,1e-12,0.6043763939184246
Fe-1.15Cu_wt,CU,110,550.0,823.15,0.010120444745023863,4,1,0.0,1.0,45.59003049423073,CALPHAD_LSQ,False,51000,0.2,44954,51000,0.8814509803921569,0.6682216910989911,0.6562296724836557,60583.367833079064,17134.883966880145,-60.4414953128373,1.2376553299214745,-81.05364888336733,0.0,77577.99431109293,0.6764705619727034,1e-12,0.004423658279394666,0.02780924982598848
Fe-1.15Cu_wt,CU,110,550.0,823.15,0.010120444745023863,4,1,0.0,1.0,45.59003049423073,CALPHAD_LSQ,False,52000,0.2,45853,52000,0.8817884615384616,1.7447352631305983,0.7060997823537726,58731.6699969032,45017.14666645062,-64.89661641613513,-32.448208038133615,-219.81012497686646,0.0,103431.66171392269,0.7263406718428203,1e-12,0.8059406527745292,0.25293571749234417
Fe-1.15Cu_wt,CU,110,550.0,823.15,0.010120444745023863,4,1,0.0,1.0,45.59003049423073,CALPHAD_LSQ,False,53000,0.2,46744,53000,0.8819622641509434,0.9649131102000811,0.9514845037845351,49620.43364937244,29923.74631563218,-86.81793669636426,1.8616275887007068,-168.76398619621654,0.0,79290.45966970074,0.9717253932735828,1e-12,0.03366949590459367,1e-12
Fe-1.15Cu_wt,CU,110,550.0,823.15,0.010120444745023863,4,1,0.0,1.0,45.59003049423073,CALPHAD_LSQ,False,54000,0.2,47656,54000,0.8825185185185185,1.1005039959816763,0.43548794566736193,69340.59531185051,22036.03224530547,-39.371908156205315,-20.856723978447416,-74.1256029868306,0.0,91242.27332203451,0.44062004252409726,0.015108792633312435,0.34342681790056334,0.3418301219037987
Fe-1.15Cu_wt,CU,110,550.0,823.15,0.010120444745023863,4,1,0.0,1.0,45.59003049423073,CALPHAD_LSQ,False,55000,0.2,48556,55000,0.8828363636363636,0.7884722765998871,0.6395958259793364,64871.150853850464,15431.476003860504,-50.12523730950589,-11.32629980909325,-58.874101628317085,0.0,80182.30121896406,0.560991564175364,0.0988451512940201,0.09925732531765638,0.06986001479294207
Fe-1.15Cu_wt,CU,110,550.0,823.15,0.010120444745023863,4,1,0.0,1.0,45.59003049423073,CALPHAD_LSQ,False,56000,0.2,49459,56000,0.8831964285714285,1.1330455795546865,0.8854522000020528,67495.9262459816,22365.141687701267,-43.81011828066365,-49.53745909073685,-77.93548468653002,0.0,89689.78487162494,0.49030085285483405,0.4153922366372666,0.16475235883867567,0.10308191020400578
Fe-1.15Cu_wt,CU,110,550.0,823.15,0.010120444745023863,4,1,0.0,1.0,45.59003049423073,CALPHAD_LSQ,False,57000,0.2,50339,57000,0.883140350877193,1.6836732138122217,1.2985983712899423,49110.00396710734,42656.49940169412,-88.04601290014986,-72.80141393793276,-206.70168092376122,0.0,91398.95426103962,0.9854723361269047,0.33336692465308526,0.16058770930403896,0.24472802270828828
Fe-1.15Cu_wt,CU,110,550.0,823.15,0.010120444745023863,4,1,0.0,1.0,45.59003049423073,CALPHAD_LSQ,False,58000,0.2,51231,58000,0.8832931034482758,1.1553551343083472,0.7878154942074049,64191.013845119014,22723.638082401583,-51.76162348522832,-36.65904028863322,-80.17362214893541,0.0,86746.05764159778,0.5793090815853421,0.22874730211211045,0.20670404080406718,0.18107648878692276
Fe-1.15Cu_wt,CU,110,550.0,823.15,0.010120444745023863,4,1,0.0,1.0,45.59003049423073,CALPHAD_LSQ,False,59000,0.2,52131,59000,0.8835762711864407,1.445173955281926,0.7779528924606852,56063.73425635648,34914.170552710144,-71.31557775407089,-16.692658554549915,-157.29101609106766,0.0,90732.60555666694,0.7981937819497329,1e-12,0.24684008421751172,0.4406218680937768
Fe-1.15Cu_wt,CU,110,550.0,823.15,0.010120444745023863,4,1,0.0,1.0,45.59003049423073,CALPHAD_LSQ,False,60000,0.2,53033,60000,0.8838833333333334,2.1344188443911376,0.8134407682823225,54746.054727665876,58662.17379283876,-74.4858692351997,-66.81850247598904,-303.688573382023,0.0,112963.23557541143,0.8336816577713702,1e-12,0.43136448395257865,0.9098544816462839
Fe-1.15Cu_wt,CU,110,550.0,823.15,0.010120444745023863,4,1,0.0,1.0,45.59003049423073,CALPHAD_LSQ,False,61000,0.2,53922,61000,0.8839672131147541,1.5690259674566547,0.7676114792493655,71312.93083589588,37934.26231517069,-34.62653693834757,-26.59955846998406,-171.20864293774557,0.0,109014.75841272049,0.3875009064732549,0.4003514622661583,0.008944443987682982,0.8127109337096541
Fe-1.15Cu_wt,CU,110,550.0,823.15,0.010120444745023863,4,1,0.0,1.0,45.59003049423073,CALPHAD_LSQ,False,62000,0.2,54803,62000,0.8839193548387096,2.4413319781780025,1.61211003522749,48570.585790032725,65168.20147614196,-89.34383442223502,-204.9998849837229,-323.1881398467837,0.0,113121.25540692193,0.999999999999,0.6323509247185376,0.5999676125209227,0.2494952199196375
Fe-1.15Cu_wt,CU,110,550.0,823.15,0.010120444745023863,4,1,0.0,1.0,45.59003049423073,CALPHAD_LSQ,False,63000,0.2,55706,63000,0.8842222222222222,1.1671104226071183,0.5178899487010599,66364.7281944006,24481.998815229123,-46.53174176217927,-17.887950432416414,-90.55936980183941,0.0,90691.74794763328,0.5207663910301721,0.017364447160935437,0.22283570023093266,0.44662566316517366
Fe-1.15Cu_wt,CU,110,550.0,823.15,0.010120444745023863,4,1,0.0,1.0,45.59003049423073,CALPHAD_LSQ,False,64000,0.2,56604,64000,0.8844375,0.8487936813113999,0.7948277254069563,70327.6899316543,17110.205947795745,-36.99699255943519,-33.24408883665538,-58.38616330030307,0.0,87309.26863475367,0.4140355122729422,0.4010331026240619,0.07420684539349126,1e-12
Fe-1.15Cu_wt,CU,110,550.0,823.15,0.010120444745023863,4,1,0.0,1.0,45.59003049423073,CALPHAD_LSQ,False,65000,0.2,57482,65000,0.8843384615384615,0.7768856680041248,0.7094178243745718,58608.469722304726,19462.742952803983,-65.19303202594611,1.1996122380709244,-94.86035432626163,0.0,77912.35890099457,0.7296587138636195,1e-12,0.04967501861349659,0.038033714506104155
Fe-1.15Cu_wt,CU,110,550.0,823.15,0.010120444745023863,4,1,0.0,1.0,45.59003049423073,CALPHAD_LSQ,False,66000,0.2,58374,66000,0.8844545454545455,1.1268516372188198,0.8648523620681748,57782.61805445105,26299.5493632371,-67.18000264381271,-15.918758950583172,-116.62589450390729,0.0,83882.44276158985,0.7519006329325202,0.1331926186257023,1e-12,0.2822401646396926
Fe-1.15Cu_wt,CU,110,550.0,823.15,0.010120444745023863,4,1,0.0,1.0,45.59003049423073,CALPHAD_LSQ,False,67000,0.2,59286,67000,0.8848656716417911,0.5145536735545946,0.4059512118458313,70101.6870085098,10148.352260073198,-37.54074779456977,0.5144896159914054,-33.24706510158186,0.0,80179.76594530285,0.4201222454256144,0.0060698559102646266,1e-12,0.12884335119781104
Fe-1.15Cu_wt,CU,110,550.0,823.15,0.010120444745023863,4,1,0.0,1.0,45.59003049423073,CALPHAD_LSQ,False,68000,0.2,60189,68000,0.8851323529411764,1.1695066456974579,0.055989428004170755,85700.99999996288,33692.49644862803,-0.0093389721154852,-34.13018204682157,-182.29096083565565,0.0,119177.06596673632,1e-12,0.07623031749321849,0.999999999999,0.13375810718433487
Fe-1.15Cu_wt,CU,110,550.0,823.15,0.010120444745023863,4,1,0.0,1.0,45.59003049423073,CALPHAD_LSQ,False,69000,0.2,61090,69000,0.8853623188405797,1.0046694131051763,0.951120633965401,62904.381937921586,22231.373390323082,-54.8572154603043,-42.15592648822042,-89.24393440330942,0.0,84949.49825189284,0.6139607797840321,0.3574007436714166,0.07378966862882311,1e-12
Fe-1.15Cu_wt,CU,110,550.0,823.15,0.010120444745023863,4,1,0.0,1.0,45.59003049423073,CALPHAD_LSQ,False,70000,0.2,61965,70000,0.8852142857142857,1.1568319983377027,1.061707332633158,56154.763564323686,27270.429660553735,-71.09656437995534,-41.712666597543716,-127.33348099364892,0.0,83185.05051290628,0.7957421715946109,0.28620605052859494,0.04535855344994355,0.07000700174464891
Fe-1.15Cu_wt,CU,110,550.0,823.15,0.010120444745023863,4,1,0.0,1.0,45.59003049423073,CALPHAD_LSQ,False,71000,0.2,62870,71000,0.8854929577464788,1.2213017249965903,1.1283218018145462,66269.71625074194,28173.859745394748,-46.76033722035247,-56.242108410237925,-118.98636856596629,0.0,94221.58718194012,0.5233252621249371,0.6252374291796567,1e-12,0.1132208126710918
Fe-1.15Cu_wt,CU,110,550.0,823.15,0.010120444745023863,4,1,0.0,1.0,45.59003049423073,CALPHAD_LSQ,False,72000,0.2,63766,72000,0.8856388888888889,1.3876498826720844,0.9562830802654354,53642.94965058381,32615.62528077462,-77.13990198938417,-28.508561217241876,-151.67562106654387,0.0,86001.25084708525,0.8633905931698028,0.11313337658568023,0.22293044756774144,0.22867724432895523
Fe-1.15Cu_wt,CU,110,550.0,823.15,0.010120444745023863,4,1,0.0,1.0,45.59003049423073,CALPHAD_LSQ,False,73000,0.2,64651,73000,0.8856301369863013,0.5224788702093909,0.3681427684625205,71280.1539078616,10194.751297702318,-34.705397096270694,1.3051402199778157,-31.062103660131868,0.0,81410.44284502749,0.3883836579515682,1e-12,0.17457699123591816,1e-12
Fe-1.15Cu_wt,CU,110,550.0,823.15,0.010120444745023863,4,1,0.0,1.0,45.59003049423073,CALPHAD_LSQ,False,74000,0.2,65563,74000,0.8859864864864865,0.9745170332078676,0.29023451848681786,75250.04336659044,18821.74933207013,-25.153980034689916,-19.68703145995957,-62.805014758765104,0.0,93964.14667240715,0.28146620111212406,0.02900920686474153,0.21755006521014547,0.4869733390009521
Fe-1.15Cu_wt,CU,110,550.0,823.15,0.010120444745023863,4,1,0.0,1.0,45.59003049423073,CALPHAD_LSQ,False,75000,0.2,66449,75000,0.8859866666666667,0.8949908350762913,0.4948292728265686,69916.7596596857,15851.158767611529,-37.985676615151334,-16.412834077837964,-47.22743688989299,0.0,85666.29247971435,0.42510272713471087,0.08996743518190545,0.2230171785486449,0.1973852731911256
Fe-1.15Cu_wt,CU,110,550.0,823.15,0.010120444745023863,4,1,0.0,1.0,45.59003049423073,CALPHAD_LSQ,False,76000,0.2,67352,76000,0.8862105263157894,1.5288182825486205,1.3520498638354312,52021.602251397664,38423.70464993068,-81.04080788924138,-78.94700942973721,-188.11753366732503,0.0,90097.20155034206,0.9070568822129585,0.46523387111252035,0.05200240186422841,0.1450069063390085
Fe-1.15Cu_wt,CU,110,550.0,823.15,0.010120444745023863,4,1,0.0,1.0,45.59003049423073,CALPHAD_LSQ,False,77000,0.2,68230,77000,0.8861038961038961,1.8836918232682136,1.1386581143980261,56500.1221437803,43504.01489998628,-70.26564355395294,-98.1912814813478,-185.07379214388706,0.0,99650.6063265874,0.7864409400623337,0.3724580638257402,0.3415206618457607,0.4237539365144745
Fe-1.15Cu_wt,CU,110,550.0,823.15,0.010120444745023863,4,1,0.0,1.0,45.59003049423073,CALPHAD_LSQ,False,78000,0.2,69114,78000,0.8860769230769231,1.3274055051609952,1.0007573760174586,55676.212851896904,29996.51869605515,-72.24794088225434,-40.79878695252737,-133.52932908565074,0.0,85426.15549103162,0.8086305468688584,0.212367718638648,0.18680366077547325,0.1600853578581109
Fe-1.15Cu_wt,CU,110,550.0,823.15,0.010120444745023863,4,1,0.0,1.0,45.59003049423073,CALPHAD_LSQ,False,79000,0.2,70006,79000,0.8861518987341772,1.2873626595859635,1.1146573765486218,51251.72507245031,33303.70899355173,-82.8931058181298,-39.19515780767037,-166.75942234861654,0.0,84266.58638002761,0.9277912907922174,0.20710697524645216,0.19294617252638951,1e-12
Fe-1.15Cu_wt,CU,110,550.0,823.15,0.010120444745023863,4,1,0.0,1.0,45.59003049423073,CALPHAD_LSQ,False,80000,0.2,70881,80000,0.8860125,1.1028300953119,0.5347603563410832,73963.34660154134,20278.556829826528,-28.249728055519146,-41.71044590439329,-61.08046242622221,0.0,94110.86279498173,0.31611964606891085,0.23888159976222006,0.41168274410349964,0.1766278843573647
Fe-1.15Cu_wt,CU,110,550.0,823.15,0.010120444745023863,4,1,0.0,1.0,45.59003049423073,CALPHAD_LSQ,False,81000,0.2,71786,81000,0.8862469135802469,0.18500073887015797,0.17156281915969368,78579.24885085723,2997.158525409172,-17.144026509657465,0.36010893220837725,-6.158055447040582,0.0,81553.4654032419,0.19180370864874138,1e-12,1e-12,0.033678809199511994
Fe-1.15Cu_wt,CU,110,550.0,823.15,0.010120444745023863,4,1,0.0,1.0,45.59003049423073,CALPHAD_LSQ,False,82000,0.2,72688,82000,0.8864390243902439,0.7876455012992591,0.612476001926769,66610.52992280993,15639.351325611971,-45.94035128471072,-9.425984212381943,-54.751509472287175,0.0,82139.76340345253,0.5141464344894473,0.11857045692736934,1e-12,0.19541038886153783
Fe-1.15Cu_wt,CU,110,550.0,823.15,0.010120444745023863,4,1,0.0,1.0,45.59003049423073,CALPHAD_LSQ,False,83000,0.2,73569,83000,0.8863734939759036,1.3706550186047182,1.0534463474068916,52314.67517599745,33055.53800277311,-80.3356845447727,-37.065149811722804,-159.23684205104,0.0,85093.57550236302,0.8991638131256543,0.1745234237712849,0.22098752437610197,0.11646203631177235
Fe-1.15Cu_wt,CU,110,550.0,823.15,0.010120444745023863,4,1,0.0,1.0,45.59003049423073,CALPHAD_LSQ,False,84000,0.2,74479,84000,0.8866547619047619,0.9510742605286914,0.7200024130065397,70405.43159480974,17235.11756036805,-36.809948800263,-32.406121791847745,-52.77465230836603,0.0,87518.5584322773,0.4119417660864397,0.3283015364101478,0.12484803460454238,0.1264647024076571
Fe-1.15Cu_wt,CU,110,550.0,823.15,0.010120444745023863,4,1,0.0,1.0,45.59003049423073,CALPHAD_LSQ,False,85000,0.2,75361,85000,0.8866,0.9477974619771672,0.2442962994644789,75878.62460020535,23288.071782252257,-23.641635275029646,1.7679002768594316,-104.70908943503797,0.0,99040.1135580244,0.2645371889535266,1e-12,1e-12,0.723742052001736
Fe-1.15Cu_wt,CU,110,550.0,823.15,0.010120444745023863,4,1,0.0,1.0,45.59003049423073,CALPHAD_LSQ,False,86000,0.2,76244,86000,0.8865581395348837,1.3490830324853473,1.169249326153229,63988.101320025395,30204.572539417055,-52.2498240193581,-75.6350709811055,-127.78796198728604,0.0,93937.00100245471,0.58477394184642,0.6047162737968568,0.12008945236549384,0.0799851434566721
Fe-1.15Cu_wt,CU,110,550.0,823.15,0.010120444745023863,4,1,0.0,1.0,45.59003049423073,CALPHAD_LSQ,False,87000,0.2,77144,87000,0.8867126436781609,0.7814727577467226,0.5833133043491302,63290.782784603165,16748.001763255466,-53.92754835547126,-0.4838373251395618,-67.84527667761951,0.0,79916.52788550041,0.6035541938381779,1e-12,0.11758081011614402,0.10081953277149613
Fe-1.15Cu_wt,CU,110,550.0,823.15,0.010120444745023863,4,1,0.0,1.0,45.59003049423073,CALPHAD_LSQ,False,88000,0.2,78047,88000,0.8868977272727273,2.0517665282538315,1.0776339214442396,48570.585790032725,56825.81832888951,-89.34383442223502,-55.452938957016215,-299.0489968500399,0.0,104952.55834869294,0.999999999999,0.09787481093528724,0.7953913800947556,0.19898211620488374
Fe-1.15Cu_wt,CU,110,550.0,823.15,0.010120444745023863,4,1,0.0,1.0,45.59003049423073,CALPHAD_LSQ,False,89000,0.2,78941,89000,0.8869775280898876,1.768177478031014,0.925869753659772,54033.5579488579,47223.26390281024,-76.20011190119244,-19.949686388278817,-247.16171031344217,0.0,100913.51034306522,0.8528706917201484,0.09323995142967122,0.05479617121469205,0.8077524426465976
Fe-1.15Cu_wt,CU,110,550.0,823.15,0.010120444745023863,4,1,0.0,1.0,45.59003049423073,CALPHAD_LSQ,False,90000,0.2,79846,90000,0.8871777777777777,1.7233569870522276,0.8918951940405206,68021.102537877,36858.01563014085,-42.54656224292105,-97.98101067328493,-135.9336265490071,0.0,104602.65696855263,0.47615675284762476,0.4359793306829436,0.40132454938608164,0.4503781331156732
Fe-1.15Cu_wt,CU,110,550.0,823.15,0.010120444745023863,4,1,0.0,1.0,45.59003049423073,CALPHAD_LSQ,False,91000,0.2,80745,91000,0.8873076923076924,1.3144366217115164,0.9766662465765772,55610.6738389915,30135.114091616437,-72.40562548596225,-31.89117527027491,-135.93594770449678,0.0,85505.55518214722,0.8103956500679428,0.18651148599868203,0.08727988230996211,0.2707313823150248
Fe-1.15Cu_wt,CU,110,550.0,823.15,0.010120444745023863,4,1,0.0,1.0,45.59003049423073,CALPHAD_LSQ,False,92000,0.2,81648,92000,0.8874782608695653,0.4624756038288207,0.45337472565570847,70489.38439914586,8749.190354922435,-36.607961249717874,-3.9802864171416408,-29.64962730639083,0.0,79168.33687909505,0.4096807408293204,0.06393487431643585,0.015787096865005346,0.013554670798154617
Fe-1.15Cu_wt,CU,110,550.0,823.15,0.010120444745023863,4,1,0.0,1.0,45.59003049423073,CALPHAD_LSQ,False,93000,0.2,82560,93000,0.8877419354838709,1.2405244399513962,0.9797591105099523,48570.585790032725,36392.38243523233,-89.34383442223502,2.3081470994459625,-192.10644684330123,0.0,84683.82609109896,0.999999999999,1e-12,1e-12,0.2810062189304916
Fe-1.15Cu_wt,CU,110,550.0,823.15,0.010120444745023863,4,1,0.0,1.0,45.59003049423073,CALPHAD_LSQ,False,94000,0.2,83455,94000,0.8878191489361702,1.51596320233239,0.8974880184890405,55935.32695236122,35035.67501889771,-71.62452129694843,-34.439336061018594,-155.50520304740385,0.0,90709.43291085356,0.8016520602029461,0.11607684777614202,0.2104267403688462,0.4282893329645511
Fe-1.15Cu_wt,CU,110,550.0,823.15,0.010120444745023863,4,1,0.0,1.0,45.59003049423073,CALPHAD_LSQ,False,95000,0.2,84320,95000,0.887578947368421,1.3787933574728883,1.230118551671701,49443.63785570684,36905.26352424882,-87.24330127580373,-53.82481210155659,-187.60254041972834,0.0,86020.23072615858,0.9764868751322462,0.27387256602950255,0.16891569529023515,1e-12
Fe-1.15Cu_wt,CU,110,550.0,823.15,0.010120444745023863,4,1,0.0,1.0,45.59003049423073,CALPHAD_LSQ,False,96000,0.2,85222,96000,0.8877291666666667,1.7230278017013838,1.1964263830714377,58907.361984801784,39354.746116285656,-64.47390755528565,-84.49695300434372,-166.48806398746163,0.0,97946.64917654036,0.721608917790606,0.49505835477087934,0.1451091155090604,0.40173319261093354
Fe-1.15Cu_wt,CU,110,550.0,823.15,0.010120444745023863,4,1,0.0,1.0,45.59003049423073,CALPHAD_LSQ,False,97000,0.2,86119,97000,0.8878247422680412,1.3788598015104983,0.9797591105099523,48570.585790032725,37925.67044395484,-89.34383442223502,-4.260303316176194,-194.6145167195028,0.0,86208.03757952966,0.999999999999,1e-12,0.2712915467705108,0.14805003372008277
Fe-1.15Cu_wt,CU,110,550.0,823.15,0.010120444745023863,4,1,0.0,1.0,45.59003049423073,CALPHAD_LSQ,False,98000,0.2,87018,98000,0.8879387755102041,1.072453858209456,0.1956814805349113,77683.71296380457,22462.10206671082,-19.29865495454912,-31.96528755544986,-81.26195923189482,0.0,100013.28912877351,0.215922370023959,1e-12,0.5454364908138225,0.3515767763507699
Fe-1.15Cu_wt,CU,110,550.0,823.15,0.010120444745023863,4,1,0.0,1.0,45.59003049423073,CALPHAD_LSQ,False,99000,0.2,87910,99000,0.887979797979798,0.9148422607507003,0.9166782399941165,55340.34596821381,23863.086964835093,-73.05602501572484,-15.853352548540743,-121.12815136534515,0.0,78993.39540411928,0.8176761471086906,0.11924298237547348,1e-12,0.018404910245631532
Fe-1.15Cu_wt,CU,110,550.0,823.15,0.010120444745023863,4,1,0.0,1.0,45.59003049423073,CALPHAD_LSQ,False,100000,0.2,88803,100000,0.88803,0.9183569462277511,0.7358608854122156,70672.55684457482,17846.41739669364,-36.167254666154264,-36.18717775568344,-56.41758679925575,0.0,88390.20222204736,0.40474752235260336,0.35135425254966,0.20273695030458316,1e-12
Fe-1.15Cu_wt,CU,110,550.0,823.15,0.010120444745023863,4,1,0.0,1.0,45.59003049423073,CALPHAD_LSQ,False,101000,0.2,89691,101000,0.888029702970297,1.2838020868673574,1.0783728446556695,51290.418471485624,33226.87227225697,-82.80001083511868,-32.99655340771691,-166.4826663906344,0.0,84235.01151310914,0.9267491963298056,0.17186453781591154,0.22567013170073572,1e-12
Fe-1.15Cu_wt,CU,110,550.0,823.15,0.010120444745023863,4,1,0.0,1.0,45.59003049423073,CALPHAD_LSQ,False,102000,0.2,90572,102000,0.8879607843137255,0.6847578794786126,0.0555601581025357,85700.99999996288,16755.31527861184,-0.0093389721154852,-6.356326444704789,-75.3596832270366,0.0,102374.58992993087,1e-12,0.07580104759158343,0.6494386108651246,1e-12
Fe-1.15Cu_wt,CU,110,550.0,823.15,0.010120444745023863,4,1,0.0,1.0,45.59003049423073,CALPHAD_LSQ,False,103000,0.2,91474,103000,0.8880970873786408,1.238916466932635,0.5782198139196245,65461.500146298145,26363.31778704579,-48.7048772811482,-20.331742588672206,-102.48898089959371,0.0,91653.2923325745,0.5450922184500847,0.053368484959587535,0.17360207258100555,0.5073354699220525
Fe-1.15Cu_wt,CU,110,550.0,823.15,0.010120444745023863,4,1,0.0,1.0,45.59003049423073,CALPHAD_LSQ,False,104000,0.2,92362,104000,0.8880961538461538,1.1845231546420714,0.8744601094632061,61716.5025784003,24656.52844073742,-57.7152122130059,-33.75864973480861,-95.52970086358292,0.0,86186.02745632632,0.645952864569373,0.24874813438388083,0.0798397811549457,0.25046415351396734
Fe-1.15Cu_wt,CU,110,550.0,823.15,0.010120444745023863,4,1,0.0,1.0,45.59003049423073,CALPHAD_LSQ,False,105000,0.2,93255,105000,0.8881428571428571,1.0471690525487296,0.9832054270495054,59934.282379116215,23965.857626245368,-62.00317251918194,-36.64377413334916,-102.63975832834434,0.0,83698.85330038071,0.6939517958283699,0.30949452071118333,1e-12,0.08420451498827186
Fe-1.15Cu_wt,CU,110,550.0,823.15,0.010120444745023863,4,1,0.0,1.0,45.59003049423073,CALPHAD_LSQ,False,106000,0.2,94152,106000,0.8882264150943396,0.8602123471277944,0.7268594744295349,65652.50034250318,17380.104987170947,-48.24533739930421,-23.927410070039297,-62.04364628515513,0.0,82898.38893591962,0.5399481822127092,0.20715218170687333,0.1535937621873071,1e-12
Fe-1.15Cu_wt,CU,110,550.0,823.15,0.010120444745023863,4,1,0.0,1.0,45.59003049423073,CALPHAD_LSQ,False,107000,0.2,95057,107000,0.8883831775700934,1.8818135613297353,1.1983658142453903,48570.585790032725,48293.54334852637,-89.34383442223502,-73.79795000974248,-231.54763360234745,0.0,96469.43972052478,0.999999999999,0.2186067037364381,0.43199692243098076,0.271691714143412
Fe-1.15Cu_wt,CU,110,550.0,823.15,0.010120444745023863,4,1,0.0,1.0,45.59003049423073,CALPHAD_LSQ,False,108000,0.2,95959,108000,0.8885092592592593,1.839076499135558,1.1459220458857295,62641.115285807005,45873.45381344765,-55.49062594160211,-126.91739276506485,-210.47094565620597,0.0,108121.69013489177,0.6210511033830521,0.5451118319927252,0.7133953427388762,1e-12
Fe-1.15Cu_wt,CU,110,550.0,823.15,0.010120444745023863,4,1,0.0,1.0,45.59003049423073,CALPHAD_LSQ,False,109000,0.2,96869,109000,0.8887064220183486,0.40109887256342464,0.32916135360745435,73596.1127205877,6943.826100456581,-29.133280102143228,-0.8116860648066461,-19.475751001640138,0.0,80490.5181038757,0.3260100253918192,0.023392217705682866,0.09217840844501798,1e-12
Fe-1.15Cu_wt,CU,110,550.0,823.15,0.010120444745023863,4,1,0.0,1.0,45.59003049423073,CALPHAD_LSQ,False,110000,0.2,97771,110000,0.8888272727272727,1.872109173008489,1.5734911979370754,61217.802253142734,48895.003812365845,-58.91506798853829,-117.73988216459442,-245.25452063397222,0.0,109690.89659472147,0.6593839112158495,0.9343481762112736,0.0486032407014757,0.27025562385998564
Fe-1.15Cu_wt,CU,110,550.0,823.15,0.010120444745023863,4,1,0.0,1.0,45.59003049423073,CALPHAD_LSQ,False,111000,0.2,98645,111000,0.8886936936936937,1.0990369770246176,0.6543028789621799,66171.48984275965,22059.70802803822,-46.99666656877731,-18.863211748566936,-79.51128017410433,0.0,88085.82671230641,0.5259707054918427,0.14857306296038483,0.07147879306408031,0.39349619448840517
Fe-1.15Cu_wt,CU,110,550.0,823.15,0.010120444745023863,4,1,0.0,1.0,45.59003049423073,CALPHAD_LSQ,False,112000,0.2,99529,112000,0.8886517857142857,1.3204116686337148,0.9912067854462059,54961.104658785145,30515.81983762384,-73.96846652095837,-32.41515057591191,-139.55765055876608,0.0,85230.98322875335,0.8278899116867999,0.18355776324945364,0.09639447426134364,0.2530512984162131
Fe-1.15Cu_wt,CU,110,550.0,823.15,0.010120444745023863,4,1,0.0,1.0,45.59003049423073,CALPHAD_LSQ,False,113000,0.2,100422,113000,0.8886902654867257,0.2665482427141773,0.17884452118986,79536.16803837812,2964.3706011452005,-14.841711961794047,-1.1970737832270455,-5.233467166591302,0.0,82479.2663866117,0.16603186613417406,0.033053544545733664,0.05699379333991319,0.05095081767445184
Fe-1.15Cu_wt,CU,110,550.0,823.15,0.010120444745023863,4,1,0.0,1.0,45.59003049423073,CALPHAD_LSQ,False,114000,0.2,101318,114000,0.8887543859649123,1.913241147833072,1.0205590881563478,68358.13443732938,44539.82519210447,-41.73567512170707,-143.47290540824687,-191.56306798534638,0.0,112521.18798091856,0.4670797762874882,0.5737202013589072,0.7070294643476689,0.205893484819103
Fe-1.15Cu_wt,CU,110,550.0,823.15,0.010120444745023863,4,1,0.0,1.0,45.59003049423073,CALPHAD_LSQ,False,115000,0.2,102210,115000,0.8887826086956522,0.4851847816625275,0.20838199931766965,77212.13744071881,7708.885659682285,-20.433249391963876,-1.486668752655145,-18.10764000428284,0.0,84880.9955422522,0.22862288880671736,1e-12,0.22957866646345337,0.06746500537145214
Fe-1.15Cu_wt,CU,110,550.0,823.15,0.010120444745023863,4,1,0.0,1.0,45.59003049423073,CALPHAD_LSQ,False,116000,0.2,103093,116000,0.8887327586206897,1.469721804005213,0.67884826986606,59743.529943421076,37548.58995303477,-62.462116297787816,-7.8832165716177025,-182.07330328994541,0.0,97039.7012602965,0.6990891593551076,1e-12,0.08082162810800278,0.7302927955211977
Fe-1.15Cu_wt,CU,110,550.0,823.15,0.010120444745023863,4,1,0.0,1.0,45.59003049423073,CALPHAD_LSQ,False,117000,0.2,103976,117000,0.8886837606837606,1.4697273138489029,0.9810523280970598,55253.271193171284,36438.08170140904,-73.26552392006987,-39.92543601742238,-170.34832837333886,0.0,91407.8136062695,0.820021253590672,0.1812719639964354,0.5089158752408909,1e-12
Fe-1.15Cu_wt,CU,110,550.0,823.15,0.010120444745023863,4,1,0.0,1.0,45.59003049423073,CALPHAD_LSQ,False,118000,0.2,104878,118000,0.8887966101694915,1.8999517951998643,1.0615324691706332,63320.57884441005,42886.34175122473,-53.85586006365207,-126.35755289149148,-173.82177532115108,0.0,105852.8854073585,0.6027517233987598,0.47902163526192093,0.5530738154454111,0.30558640007386784
Fe-1.15Cu_wt,CU,110,550.0,823.15,0.010120444745023863,4,1,0.0,1.0,45.59003049423073,CALPHAD_LSQ,False,119000,0.2,105761,119000,0.8887478991596639,1.2429712923779361,0.23710785197061168,78387.55850225476,27321.68812747308,-17.605226874356866,-46.43914821027365,-114.91862099882063,0.0,105530.28363364439,0.1969663321389697,0.06038240932168972,0.7214457743673153,0.30465855553005694
Fe-1.15Cu_wt,CU,110,550.0,823.15,0.010120444745023863,4,1,0.0,1.0,45.59003049423073,CALPHAD_LSQ,False,120000,0.2,106650,120000,0.88875,0.8843973582231636,0.4952922695533346,67873.13579027516,16565.370303159172,-42.902565132241634,-9.980736128842832,-54.21434918874063,0.0,84331.40844298451,0.4801418079769577,0.035391351066424624,0.2087166858590094,0.20062929230086723
Fe-1.15Cu_wt,CU,110,550.0,823.15,0.010120444745023863,4,1,0.0,1.0,45.59003049423073,CALPHAD_LSQ,False,121000,0.2,107560,121000,0.8889256198347107,1.1823366438435434,0.5798012887951817,63421.18537683326,25546.82772308012,-53.61380421794566,-14.883189629000233,-96.69568242009652,0.0,88802.82042364634,0.6000421782842293,1e-12,0.29390580181004566,0.32887044272836385
Fe-1.15Cu_wt,CU,110,550.0,823.15,0.010120444745023863,4,1,0.0,1.0,45.59003049423073,CALPHAD_LSQ,False,122000,0.2,108427,122000,0.8887459016393443,2.3136295516802754,1.253901871808858,48570.585790032725,66922.35503090237,-89.34383442223502,-69.30306735498226,-362.2218133786406,0.0,114972.07210577924,0.999999999999,0.27414276129990556,0.10684529237019125,0.9731232769912741
Fe-1.15Cu_wt,CU,110,550.0,823.15,0.010120444745023863,4,1,0.0,1.0,45.59003049423073,CALPHAD_LSQ,False,123000,0.2,109304,123000,0.888650406504065,1.3381180383151354,1.3229371113859778,59722.012066793286,33829.75084207939,-62.5138875665066,-78.43052511110886,-160.0029205699064,0.0,93250.81557562517,0.6996686809436924,0.6435093199323331,1e-12,0.03542181641820546
Fe-1.15Cu_wt,CU,110,550.0,823.15,0.010120444745023863,4,1,0.0,1.0,45.59003049423073,CALPHAD_LSQ,False,124000,0.2,110195,124000,0.8886693548387097,1.6631481656951914,0.8133102519346693,61686.02975020532,41558.92752873691,-57.78852878621581,-51.89501485111332,-201.08022045518473,0.0,102934.19351484971,0.6467735618021759,0.18677757962254113,0.8255566148008765,0.04452218844969308
Fe-1.15Cu_wt,CU,110,550.0,823.15,0.010120444745023863,4,1,0.0,1.0,45.59003049423073,CALPHAD_LSQ,False,125000,0.2,111089,125000,0.888712,1.1357155089660973,0.6669614943951209,64123.50368073998,22710.442800743484,-51.92405061136963,-22.515172021027215,-82.3631024147522,0.0,86677.14415643632,0.5811272720315138,0.10607511185365479,0.18735909915206916,0.3016358049089549
Fe-1.15Cu_wt,CU,110,550.0,823.15,0.010120444745023863,4,1,0.0,1.0,45.59003049423073,CALPHAD_LSQ,False,126000,0.2,111989,126000,0.8888015873015873,0.584649198699452,0.5813435058746744,75266.14421247745,10764.617480487814,-25.11524195502552,-16.071696811539965,-31.009190992056794,0.0,85958.56556320663,0.28103257153298855,0.32055182383173364,0.023546582313825226,1e-12
Fe-1.15Cu_wt,CU,110,550.0,823.15,0.010120444745023863,4,1,0.0,1.0,45.59003049423073,CALPHAD_LSQ,False,127000,0.2,112871,127000,0.888748031496063,0.5494356918161667,0.35569612584279614,71742.30290385587,10697.147308099966,-33.59348255778744,1.0326975222012216,-32.01979576669302,0.0,82374.86963115356,0.37593701533184387,1e-12,1e-12,0.2139804554624183
Fe-1.15Cu_wt,CU,110,550.0,823.15,0.010120444745023863,4,1,0.0,1.0,45.59003049423073,CALPHAD_LSQ,False,128000,0.2,113756,128000,0.88871875,1.7232328218119313,1.6129053008694203,49690.252113475646,47019.514046885655,-86.64995588073161,-123.09234322689089,-246.95268274599516,0.0,96253.07117850769,0.969845035470184,0.663301154889284,0.07944241172200858,0.051125998710550236
Fe-1.15Cu_wt,CU,110,550.0,823.15,0.010120444745023863,4,1,0.0,1.0,45.59003049423073,CALPHAD_LSQ,False,129000,0.2,114638,129000,0.8886666666666667,1.4855302981200236,0.8910957719367965,54432.25293944972,35622.38225842184,-75.2408655103056,-23.298503825898397,-166.06837963332364,0.0,89790.02744890205,0.8421329986705411,0.06920366275630305,0.16904492844468108,0.4456304872285936
Fe-1.15Cu_wt,CU,110,550.0,823.15,0.010120444745023863,4,1,0.0,1.0,45.59003049423073,CALPHAD_LSQ,False,130000,0.2,115545,130000,0.8888076923076923,1.3917745907482095,0.9259048999582005,52114.54572882135,34745.336955666164,-80.8171890894596,-13.467289691496251,-170.37742536445018,0.0,86595.2207803421,0.9045537192560896,0.04159207019215851,0.13176199452287193,0.35434858575718486
Fe-1.15Cu_wt,CU,110,550.0,823.15,0.010120444745023863,4,1,0.0,1.0,45.59003049423073,CALPHAD_LSQ,False,131000,0.2,116421,131000,0.8887099236641222,0.7121933141959644,0.4917988225044928,66688.75340170848,14314.330736660248,-45.75214829348509,-0.637420749921233,-51.485494422774316,0.0,80905.20907490257,0.5120397119935405,1e-12,0.06547040168779245,0.17516497949372686
Fe-1.15Cu_wt,CU,110,550.0,823.15,0.010120444745023863,4,1,0.0,1.0,45.59003049423073,CALPHAD_LSQ,False,132000,0.2,117314,132000,0.8887424242424242,1.6097377415431695,1.154423082424152,72212.39740455999,37512.06647208184,-32.46245140912208,-111.21365794221184,-165.8883113475446,0.0,109414.89945594294,0.3632763835908316,0.8113875883233681,0.3779034337641219,0.09765211484494335
Fe-1.15Cu_wt,CU,110,550.0,823.15,0.010120444745023863,4,1,0.0,1.0,45.59003049423073,CALPHAD_LSQ,False,133000,0.2,118210,133000,0.888796992481203,0.414445812672852,0.1514925340478151,79324.46685037417,7330.006561045089,-15.351057715644158,0.7835648532781133,-18.39883427667006,0.0,86621.50708428022,0.17173342353686283,1e-12,1e-12,0.28319416811408465
Fe-1.15Cu_wt,CU,110,550.0,823.15,0.010120444745023863,4,1,0.0,1.0,45.59003049423073,CALPHAD_LSQ,False,134000,0.2,119083,134000,0.8886791044776119,0.6609262990104344,0.569397402750536,74900.49592336385,11581.632786624525,-25.994979122391335,-14.057769464393875,-31.470386445490316,0.0,86410.6055749561,0.2908802475391206,0.29875804470146305,1e-12,0.11176978574894622
Fe-1.15Cu_wt,CU,110,550.0,823.15,0.010120444745023863,4,1,0.0,1.0,45.59003049423073,CALPHAD_LSQ,False,135000,0.2,119965,135000,0.8886296296296297,1.0466542615016354,1.0153125528034017,48570.585790032725,31935.063274180087,-89.34383442223502,-4.706805147238995,-179.13780126893914,0.0,80232.46062337438,0.999999999999,0.03555344229444945,0.051582598187281475,1e-12
Fe-1.15Cu_wt,CU,110,550.0,823.15,0.010120444745023863,4,1,0.0,1.0,45.59003049423073,CALPHAD_LSQ,False,136000,0.2,120861,136000,0.8886838235294118,1.207215041462566,0.6093494072273333,78521.99975719844,26812.795524675512,-17.28176585369139,-12.329552455784759,-106.66295635770102,0.0,105198.52100720677,0.19334554692005687,0.4362447497973242,1e-12,0.6181065237242802
Fe-1.15Cu_wt,CU,110,550.0,823.15,0.010120444745023863,4,1,0.0,1.0,45.59003049423073,CALPHAD_LSQ,False,137000,0.2,121755,137000,0.8887226277372263,0.5614877877958157,0.45934103078673255,67893.92465253097,11877.608395343517,-42.85254784694812,1.0549404552016997,-42.52689987970321,0.0,79687.20854060304,0.4795819202757803,1e-12,1e-12,0.12238764649813083
Fe-1.15Cu_wt,CU,110,550.0,823.15,0.010120444745023863,4,1,0.0,1.0,45.59003049423073,CALPHAD_LSQ,False,138000,0.2,122659,138000,0.8888333333333334,1.1329931677298857,0.463096747263202,74874.46520578736,20806.762270864787,-26.05760813072265,-39.978166413146766,-61.59039548451314,0.0,95553.60130662376,0.29158130940794996,0.19175632734529977,0.32110970377217735,0.3690276061845542
Fe-1.15Cu_wt,CU,110,550.0,823.15,0.010120444745023863,4,1,0.0,1.0,45.59003049423073,CALPHAD_LSQ,False,139000,0.2,123541,139000,0.8887841726618705,0.7429927432228588,0.6614467767550668,60389.65459050479,18319.06239033282,-60.9075626906354,1.5777740594821328,-83.81455585639097,0.0,78565.57263635006,0.6816876662441145,1e-12,0.10178685595683966,1e-12
Fe-1.15Cu_wt,CU,110,550.0,823.15,0.010120444745023863,4,1,0.0,1.0,45.59003049423073,CALPHAD_LSQ,False,140000,0.2,124438,140000,0.8888428571428572,1.2756204438313687,1.0988928254504735,69744.39874950236,29245.84281914764,-38.40037101795267,-50.381013996003674,-122.63807426222073,0.0,98778.82210937382,0.42974476827135166,0.6893889466691696,1e-12,0.19696850786994297
Fe-1.15Cu_wt,CU,110,550.0,823.15,0.010120444745023863,4,1,0.0,1.0,45.59003049423073,CALPHAD_LSQ,False,141000,0.2,125310,141000,0.8887234042553191,1.1342394897735493,0.8577664922170528,53100.22223781104,29029.058478036608,-78.44568541837802,-1.1094103119423155,-145.60032680374178,0.0,81904.12529331358,0.8780073817061005,1e-12,0.08973465088364654,0.20697923616289765
Fe-1.15Cu_wt,CU,110,550.0,823.15,0.010120444745023863,4,1,0.0,1.0,45.59003049423073,CALPHAD_LSQ,False,142000,0.2,126211,142000,0.8888098591549296,1.077425222870191,0.23605397196540628,76184.66563430043,25552.23261386478,-22.905311106563886,-11.236728236088085,-116.46412825760764,0.0,101586.29208056495,0.256294861454454,1e-12,0.09614800226097375,0.7654641381338587
Fe-1.15Cu_wt,CU,110,550.0,823.15,0.010120444745023863,4,1,0.0,1.0,45.59003049423073,CALPHAD_LSQ,False,143000,0.2,127103,143000,0.8888321678321678,1.2139335566312415,1.0609383566894568,49150.98005805828,33740.63464420796,-87.94742583915118,-14.940669725993441,-179.33004206786504,0.0,82609.3965646332,0.9843687639793064,0.09681048220019814,1e-12,0.1732360894308325
Fe-1.15Cu_wt,CU,110,550.0,823.15,0.010120444745023863,4,1,0.0,1.0,45.59003049423073,CALPHAD_LSQ,False,144000,0.2,128005,144000,0.8889236111111111,1.2342506285416106,1.0835239884299768,68941.43183035016,27997.728041492348,-40.3322817200534,-50.19926200998067,-115.46891267450138,0.0,96733.15941543797,0.4513703530173422,0.6523945249026823,1e-12,0.17096752960068165
Fe-1.15Cu_wt,CU,110,550.0,823.15,0.010120444745023863,4,1,0.0,1.0,45.59003049423073,CALPHAD_LSQ,False,145000,0.2,128890,145000,0.888896551724138,1.0105706225287407,0.5893328356610981,65180.17082113059,20630.528489436474,-49.381745930581296,-9.83584465174615,-77.25325704708115,0.0,85674.22846293764,0.5526690077521486,0.05690471739899718,0.08224409711428346,0.35923457924340696
Fe-1.15Cu_wt,CU,110,550.0,823.15,0.010120444745023863,4,1,0.0,1.0,45.59003049423073,CALPHAD_LSQ,False,146000,0.2,129783,146000,0.8889246575342465,0.5623339771630491,0.3031241894770955,84138.47034032566,9116.089861017224,-3.7687314200512416,-3.6694714099825902,-23.900762661028978,0.0,93223.22123585183,0.04208220384606808,0.2812828751210752,0.032678473479937735,0.24677220369606365
Fe-1.15Cu_wt,CU,110,550.0,823.15,0.010120444745023863,4,1,0.0,1.0,45.59003049423073,CALPHAD_LSQ,False,147000,0.2,130671,147000,0.8889183673469387,0.4816923728088662,0.36478908892097406,73548.17608734948,8083.449117930622,-29.24861398772022,-2.431431127480338,-21.720469216618525,0.0,81578.2246909483,0.32730105955500155,0.057728918856020245,1e-12,0.13714417337693982
Fe-1.15Cu_wt,CU,110,550.0,823.15,0.010120444745023863,4,1,0.0,1.0,45.59003049423073,CALPHAD_LSQ,False,148000,0.2,131567,148000,0.8889662162162162,0.8573631371074051,0.625091309672686,61739.54814207177,18825.481177932543,-57.65976538197098,-1.03212312974394,-78.67765150087052,0.0,80427.65977999172,0.6453321991617337,1e-12,0.10540447514643073,0.1471082417783361
Fe-1.15Cu_wt,CU,110,550.0,823.15,0.010120444745023863,4,1,0.0,1.0,45.59003049423073,CALPHAD_LSQ,False,149000,0.2,132479,149000,0.8891208053691275,1.026507619226874,0.7771630840930055,56093.060168194956,25200.851292917334,-71.24502062204179,-0.07579537256515281,-120.60294996816476,0.0,81101.98769514952,0.7974039735820532,1e-12,0.20669836697829144,0.06288705764562486
Fe-1.15Cu_wt,CU,110,550.0,823.15,0.010120444745023863,4,1,0.0,1.0,45.59003049423073,CALPHAD_LSQ,False,150000,0.2,133370,150000,0.8891333333333333,1.6475533416645785,0.7618251036004973,65571.43316745955,42599.32945799742,-48.440382225336684,-58.186710937790195,-207.61655034375417,0.0,107856.51898195008,0.5421314914153788,0.23993450167516625,0.905969127553129,1e-12
Fe-1.15Cu_wt,CU,110,550.0,823.15,0.010120444745023863,4,1,0.0,1.0,45.59003049423073,CALPHAD_LSQ,False,151000,0.2,134254,151000,0.8890993377483444,0.878660966423949,0.7753329978538785,61537.1683854039,19289.83760960789,-58.14668409365092,-18.31050423196095,-80.52244510954735,0.0,80670.02636157663,0.6507827108507019,0.14479117649322432,0.1235688580591181,1e-12
Fe-1.15Cu_wt,CU,110,550.0,823.15,0.010120444745023863,4,1,0.0,1.0,45.59003049423073,CALPHAD_LSQ,False,152000,0.2,135143,152000,0.8890986842105263,1.5803826740722107,1.2940588813433525,52494.68921680965,38310.94168017255,-79.90257697374017,-78.91138201262063,-180.83292362937567,0.0,90465.98401436648,0.8943156571154879,0.4199841137179123,0.1327237268950199,0.17384095532388613
Fe-1.15Cu_wt,CU,110,550.0,823.15,0.010120444745023863,4,1,0.0,1.0,45.59003049423073,CALPHAD_LSQ,False,153000,0.2,136027,153000,0.8890653594771242,1.885659830675248,1.0872227768031921,58220.49438718371,43015.096216561535,-66.12648729563867,-101.65361432216332,-178.6512191679863,0.0,100889.15928295947,0.7401077040883629,0.367355962204877,0.3949831675813995,0.423694775780704
Fe-1.15Cu_wt,CU,110,550.0,823.15,0.010120444745023863,4,1,0.0,1.0,45.59003049423073,CALPHAD_LSQ,False,154000,0.2,136920,154000,0.889090909090909,0.5406669970790744,0.3507260747831677,71926.84295834474,9866.499350869124,-33.14948555401332,0.1310557462539096,-29.206147812391663,0.0,81731.11773159372,0.3709669642722154,1e-12,0.028263084446966208,0.1819187273389882
Fe-1.15Cu_wt,CU,110,550.0,823.15,0.010120444745023863,4,1,0.0,1.0,45.59003049423073,CALPHAD_LSQ,False,155000,0.2,137807,155000,0.8890774193548387,1.2464710480044567,0.8367936398573997,58519.71562233977,29411.22866224618,-65.40657132811147,-14.135340159190628,-129.6047147120431,0.0,87721.7976583866,0.732049048091053,0.12498548125639442,1e-12,0.4299182976361048
Fe-1.15Cu_wt,CU,110,550.0,823.15,0.010120444745023863,4,1,0.0,1.0,45.59003049423073,CALPHAD_LSQ,False,156000,0.2,138715,156000,0.889198717948718,0.7613642200070995,0.4739112304443769,67352.92710412016,15900.114296031426,-44.154169281973886,0.3949817977835125,-56.77707307699807,0.0,83152.5051395904,0.4941521199334246,1e-12,0.020351273437885363,0.28734260561488495
Fe-1.15Cu_wt,CU,110,550.0,823.15,0.010120444745023863,4,1,0.0,1.0,45.59003049423073,CALPHAD_LSQ,False,157000,0.2,139598,157000,0.8891592356687898,1.3852583367956213,0.974931725503125,48749.82859488738,40109.75239688985,-88.91258241830579,3.369903532854483,-209.2232909870547,0.0,88564.81502190475,0.9951726149921727,1e-12,0.4305675007815441,1e-12
Fe-1.15Cu_wt,CU,110,550.0,823.15,0.010120444745023863,4,1,0.0,1.0,45.59003049423073,CALPHAD_LSQ,False,158000,0.2,140485,158000,0.8891455696202532,1.806232234252347,0.9797591105099523,48570.585790032725,49710.86287402205,-89.34383442223502,-22.916611508406085,-251.62614013559627,0.0,97917.56207798852,0.999999999999,1e-12,0.5941464667432445,0.25256754648919777
Fe-1.15Cu_wt,CU,110,550.0,823.15,0.010120444745023863,4,1,0.0,1.0,45.59003049423073,CALPHAD_LSQ,False,159000,0.2,141373,159000,0.8891383647798742,2.408429381569942,1.7271768985072162,53719.04698364316,66459.99975953407,-76.95681443168766,-243.7162432947528,-350.30768802609947,0.0,119508.0659974247,0.8613411322446177,0.886076655752646,0.6646241304595023,0.036869242093271026
Fe-1.15Cu_wt,CU,110,550.0,823.15,0.010120444745023863,4,1,0.0,1.0,45.59003049423073,CALPHAD_LSQ,False,160000,0.2,142284,160000,0.889275,0.6797532635137364,0.6154127218974597,75454.14923875131,12382.81643827083,-24.662908348691282,-21.55614170714693,-36.20165528795168,0.0,87754.54497167836,0.2759692015094135,0.3596844098780939,0.08458143110532451,1e-12
Fe-1.15Cu_wt,CU,110,550.0,823.15,0.010120444745023863,4,1,0.0,1.0,45.59003049423073,CALPHAD_LSQ,False,161000,0.2,143174,161000,0.88927950310559,1.2804518595836079,1.1835799820758084,51824.31213484735,32766.843114065035,-81.5154811024102,-46.57467250940236,-164.45379214944143,0.0,84298.61130315112,0.9123703192092298,0.2914505523566262,0.014316590088110504,0.10279617690973675
Fe-1.15Cu_wt,CU,110,550.0,823.15,0.010120444745023863,4,1,0.0,1.0,45.59003049423073,CALPHAD_LSQ,False,162000,0.2,144050,162000,0.8891975308641975,0.9685011135730248,0.7337393967365646,59056.41500272242,21586.752490789553,-64.11529113705845,-6.48272947354197,-96.5913022120467,0.0,80475.97817068931,0.7175946071212551,0.03638567910535716,0.14880030945282177,0.10620229687368613
Fe-1.15Cu_wt,CU,110,550.0,823.15,0.010120444745023863,4,1,0.0,1.0,45.59003049423073,CALPHAD_LSQ,False,163000,0.2,144941,163000,0.8892085889570552,0.8678336474980288,0.6766341234937134,77479.97044025666,16074.861354010858,-19.788852436321875,-32.176327977449525,-52.29901473237802,0.0,93450.56759912138,0.2214095838857698,0.4754654290979914,0.16622669973406265,0.04521371376030044
Fe-1.15Cu_wt,CU,110,550.0,823.15,0.010120444745023863,4,1,0.0,1.0,45.59003049423073,CALPHAD_LSQ,False,164000,0.2,145847,164000,0.8893109756097561,0.5614504943580158,0.5532672095596332,68106.72402903844,11319.631883439928,-42.3405598894502,-7.3727408706642095,-40.75751103543461,0.0,79335.88510068282,0.4738507863513405,0.09965731269834047,1e-12,0.028424174287430257
Fe-1.15Cu_wt,CU,110,550.0,823.15,0.010120444745023863,4,1,0.0,1.0,45.59003049423073,CALPHAD_LSQ,False,165000,0.2,146738,165000,0.8893212121212121,1.5387070764362514,1.5350485664067466,55169.45921569438,41863.679785540975,-73.46717264605077,-105.70430253034694,-215.63422061553428,0.0,96638.33330544343,0.8222784860848442,0.73301096981195,1e-12,0.023899399518552578
Fe-1.15Cu_wt,CU,110,550.0,823.15,0.010120444745023863,4,1,0.0,1.0,45.59003049423073,CALPHAD_LSQ,False,166000,0.2,147634,166000,0.8893614457831325,1.8461917632809308,1.6014293679004536,48570.585790032725,50957.24387746586,-89.34383442223502,-138.348360344858,-258.7548606358222,0.0,99041.38261209568,0.999999999999,0.6216702573915012,0.26500328486952507,1e-12
Fe-1.15Cu_wt,CU,110,550.0,823.15,0.010120444745023863,4,1,0.0,1.0,45.59003049423073,CALPHAD_LSQ,False,167000,0.2,148516,167000,0.889317365269461,1.068575080301911,0.49347230598352015,68271.11939105301,20903.962429636777,-41.94503032070152,-19.33850406012316,-70.4582954450486,0.0,89043.33999086391,0.4694232741484117,0.04428992132515624,0.3642704183095412,0.23107324549889735
Fe-1.15Cu_wt,CU,110,550.0,823.15,0.010120444745023863,4,1,0.0,1.0,45.59003049423073,CALPHAD_LSQ,False,168000,0.2,149412,168000,0.8893571428571428,1.231680257954272,0.655335635224994,70056.77146878933,23443.637587366946,-37.64881303338214,-42.53552718468101,-73.58836019360116,0.0,93346.6363557446,0.42133191519838986,0.2542446095166519,0.23212955586906814,0.3644559563502576
Fe-1.15Cu_wt,CU,110,550.0,823.15,0.010120444745023863,4,1,0.0,1.0,45.59003049423073,CALPHAD_LSQ,False,169000,0.2,150299,169000,0.8893431952662721,0.9844340950665459,0.5247937390256723,65463.63848445257,20409.20679832611,-48.69973251332938,-6.913192878591989,-73.78153493152546,0.0,85743.45082245524,0.54503462851472,1e-12,0.3196972815379928,0.1601839639929285
Fe-1.15Cu_wt,CU,110,550.0,823.15,0.010120444745023863,4,1,0.0,1.0,45.59003049423073,CALPHAD_LSQ,False,170000,0.2,151194,170000,0.8893764705882353,0.25332694637984415,0.20703553250292878,77262.13231127016,4151.925705463286,-20.31296345842843,0.6089991523820523,-9.217185031125409,0.0,81385.13686739627,0.2272764219919765,1e-12,0.06653230336596308,1e-12
Fe-1.15Cu_wt,CU,110,550.0,823.15,0.010120444745023863,4,1,0.0,1.0,45.59003049423073,CALPHAD_LSQ,False,171000,0.2,152071,171000,0.8893040935672515,1.6462593837175419,1.0531273409946018,51070.08282542539,41221.75067863618,-83.3301307971309,-43.928680400646925,-200.6596180986375,0.0,91963.91507476516,0.9326832978136737,0.1406849326709759,0.4744303341275929,0.13894259808539494
Fe-1.15Cu_wt,CU,110,550.0,823.15,0.010120444745023863,4,1,0.0,1.0,45.59003049423073,CALPHAD_LSQ,False,172000,0.2,152944,172000,0.8892093023255814,0.9018312162572516,0.6347885286537823,75299.49468808089,17143.6743325625,-25.035001861440517,-35.88688171966545,-51.58782861730946,0.0,92330.65930844497,0.2801343732146285,0.3748950449292016,0.28728357709251695,1e-12
Fe-1.15Cu_wt,CU,110,550.0,823.15,0.010120444745023863,4,1,0.0,1.0,45.59003049423073,CALPHAD_LSQ,False,173000,0.2,153835,173000,0.8892196531791907,1.6340418845385623,1.6542827740266102,49291.33485956343,47929.075174831814,-87.60973702949843,-119.77452844590367,-257.05770661695703,0.0,96755.96806230288,0.980588714537592,0.6939349489790659,1e-12,1e-12
Fe-1.15Cu_wt,CU,110,550.0,823.15,0.010120444745023863,4,1,0.0,1.0,45.59003049423073,CALPHAD_LSQ,False,174000,0.2,154729,174000,0.8892471264367816,1.5189797543220003,0.8390584073877844,59679.839437289644,34233.718794398694,-62.615353457977974,-37.68697103150119,-145.6841079555771,0.0,93667.57179924328,0.7008044783863256,0.1584948184915064,0.16477666178757797,0.5353855746366857
Fe-1.15Cu_wt,CU,110,550.0,823.15,0.010120444745023863,4,1,0.0,1.0,45.59003049423073,CALPHAD_LSQ,False,175000,0.2,155615,175000,0.8892285714285715,1.3481602259964076,0.7641672023809412,58941.57954265414,30659.10622654988,-64.39158129172733,-18.971002921038163,-133.2801350453659,0.0,89384.04304994589,0.7206873671270762,0.06372072474391269,0.1400058591293846,0.4642280539761296
Fe-1.15Cu_wt,CU,110,550.0,823.15,0.010120444745023863,4,1,0.0,1.0,45.59003049423073,CALPHAD_LSQ,False,176000,0.2,156483,176000,0.8891079545454545,0.985982473588087,0.7936047443292091,57194.62689413009,23943.95907677193,-68.5946890876379,-5.927416873092696,-112.40407339255032,0.0,80951.65979154874,0.7677364692093619,0.04610916460989491,0.2126186187479256,1e-12
Fe-1.15Cu_wt,CU,110,550.0,823.15,0.010120444745023863,4,1,0.0,1.0,45.59003049423073,CALPHAD_LSQ,False,177000,0.2,157374,177000,0.8891186440677966,1.266296897550947,0.6660148105323359,60220.0416042295,32273.156041136106,-61.31564568332765,1.9126836379268688,-150.44984729899215,0.0,92283.34483602122,0.6862557000213836,1e-12,0.004006314459007643,0.6165166620496513
Fe-1.15Cu_wt,CU,110,550.0,823.15,0.010120444745023863,4,1,0.0,1.0,45.59003049423073,CALPHAD_LSQ,False,178000,0.2,158272,178000,0.8891685393258427,1.0701087161495662,0.9179490891237004,50865.61748643348,30378.783524818657,-83.82206734792207,2.3118101644754185,-161.9089318104052,0.0,81000.98182225828,0.9381899786127481,1e-12,0.1724005165149135,1e-12
Fe-1.15Cu_wt,CU,110,550.0,823.15,0.010120444745023863,4,1,0.0,1.0,45.59003049423073,CALPHAD_LSQ,False,179000,0.2,159175,179000,0.8892458100558659,1.3804697286193304,0.9145300101747298,53302.92453899635,33049.52187218182,-77.95799067571812,-20.33291360385697,-155.92978397224337,0.0,86098.22572292635,0.8725481832161819,0.06222271644859561,0.2461711045562391,0.24000950337840918
Fe-1.15Cu_wt,CU,110,550.0,823.15,0.010120444745023863,4,1,0.0,1.0,45.59003049423073,CALPHAD_LSQ,False,180000,0.2,160044,180000,0.8891333333333333,1.1002074180109167,1.0143942664760175,59015.45934815701,25406.18032650618,-64.21382902881864,-38.77507071337276,-110.31171523405266,0.0,84208.33905968696,0.7186976288740898,0.3159375270919754,1e-12,0.10605404102394697
Fe-1.15Cu_wt,CU,110,550.0,823.15,0.010120444745023863,4,1,0.0,1.0,45.59003049423073,CALPHAD_LSQ,False,181000,0.2,160919,181000,0.8890552486187845,0.3882527497913934,0.3450667366602288,72136.97652700392,7326.210730826977,-32.64391143821793,0.6084002493188153,-23.223960959424666,0.0,79407.92778568256,0.36530762614927653,1e-12,0.022788284316321537,0.040638618304890795
Fe-1.15Cu_wt,CU,110,550.0,823.15,0.010120444745023863,4,1,0.0,1.0,45.59003049423073,CALPHAD_LSQ,False,182000,0.2,161813,182000,0.8890824175824176,1.4959303469551493,1.2843792636776583,50166.84535963305,39127.869745990414,-85.50328897473679,-57.24409906783892,-193.2541453119793,0.0,88958.71357226891,0.9570093788717453,0.34761077429596066,1e-12,0.2317919727665387
Fe-1.15Cu_wt,CU,110,550.0,823.15,0.010120444745023863,4,1,0.0,1.0,45.59003049423073,CALPHAD_LSQ,False,183000,0.2,162705,183000,0.8890983606557377,1.7341565557111993,0.986451670806697,56914.40029787364,39507.0866450875,-69.2689046093592,-69.91748974303673,-167.07151592753763,0.0,96115.2290326812,0.7752835597069669,0.23140900058977784,0.3508968864789179,0.41704888791563205
Fe-1.15Cu_wt,CU,110,550.0,823.15,0.010120444745023863,4,1,0.0,1.0,45.59003049423073,CALPHAD_LSQ,False,184000,0.2,163587,184000,0.8890597826086957,1.387267640261838,0.9181998855637241,65211.32129999344,28386.576116534303,-49.30679895324598,-57.07245026633644,-101.52000364269341,0.0,93389.99816366547,0.5518300599643143,0.38661071508945744,0.16884479629601748,0.3204638478921443
Fe-1.15Cu_wt,CU,110,550.0,823.15,0.010120444745023863,4,1,0.0,1.0,45.59003049423073,CALPHAD_LSQ,False,185000,0.2,164466,185000,0.8890054054054054,1.1842119444423505,0.6138208907345561,71825.56948858063,21996.037164509355,-33.39314602795007,-46.041699790581,-65.84158927820317,0.0,93676.33021799324,0.37369447140939194,0.260367308815212,0.3375653458992876,0.2530665972985544
Fe-1.15Cu_wt,CU,110,550.0,823.15,0.010120444745023863,4,1,0.0,1.0,45.59003049423073,CALPHAD_LSQ,False,186000,0.2,165349,186000,0.8889731182795699,0.6527394896152078,0.27202453287329587,79455.6416602519,9892.899661999776,-15.035455649102747,-10.240460236397405,-23.417160546696607,0.0,89299.84824581948,0.16820061054059982,0.12406481182274379,0.10569650760974694,0.2952593386222127
Fe-1.15Cu_wt,CU,110,550.0,823.15,0.010120444745023863,4,1,0.0,1.0,45.59003049423073,CALPHAD_LSQ,False,187000,0.2,166244,187000,0.8890053475935829,0.6582052806118059,0.24758464628022975,75756.52692087038,11769.740368225786,-23.935398078680347,-4.135490805731751,-33.36508588866674,0.0,87464.83131432309,0.2678255357692775,1e-12,0.0886560976019965,0.34220542621962746
Fe-1.15Cu_wt,CU,110,550.0,823.15,0.010120444745023863,4,1,0.0,1.0,45.59003049423073,CALPHAD_LSQ,False,188000,0.2,167141,188000,0.8890478723404255,1.8253712955977317,1.095386382850477,59029.05324199453,41119.87134229192,-64.18112258928605,-97.11912621632618,-167.91699669382433,0.0,99819.70733878702,0.7183315167763191,0.39729575556420565,0.33708493029877645,0.41314087193852606
Fe-1.15Cu_wt,CU,110,550.0,823.15,0.010120444745023863,4,1,0.0,1.0,45.59003049423073,CALPHAD_LSQ,False,189000,0.2,168038,189000,0.889089947089947,1.455778236420429,1.119583291331184,49431.993030722144,37000.95311166513,-87.27131832292663,-37.06877308064784,-185.02015147258848,0.0,86123.5858995111,0.9768004947142641,0.16302368610696752,0.18878776455349897,0.1676480700257937
Fe-1.15Cu_wt,CU,110,550.0,823.15,0.010120444745023863,4,1,0.0,1.0,45.59003049423073,CALPHAD_LSQ,False,190000,0.2,168923,190000,0.8890684210526316,1.5308612312272594,1.1558600225989903,54032.87221777967,36413.50308167558,-76.20176174650638,-69.60095310040495,-166.65360319433512,0.0,90133.918981414,0.8528891598975935,0.32321175219144455,0.33042286006385263,0.06481923805446416
Fe-1.15Cu_wt,CU,110,550.0,823.15,0.010120444745023863,4,1,0.0,1.0,45.59003049423073,CALPHAD_LSQ,False,191000,0.2,169810,191000,0.8890575916230367,0.9296358036545306,0.8363303113721663,58923.01780837688,21520.41290164147,-64.4362401839488,-15.820883733785502,-97.03497396656171,0.0,80266.13861213405,0.7211872735965352,0.1353839272656788,1e-12,0.11354638177141199
Fe-1.15Cu_wt,CU,110,550.0,823.15,0.010120444745023863,4,1,0.0,1.0,45.59003049423073,CALPHAD_LSQ,False,192000,0.2,170708,192000,0.8891041666666667,0.5092851410083454,0.4695676773431589,68899.93228630118,10166.080763251959,-40.4321281911449,-2.052058902763935,-36.292428867117465,0.0,78987.23643359212,0.45248802285572,0.03732054397748668,1e-12,0.0599583531542342
Fe-1.15Cu_wt,CU,110,550.0,823.15,0.010120444745023863,4,1,0.0,1.0,45.59003049423073,CALPHAD_LSQ,False,193000,0.2,171576,193000,0.8889948186528498,1.0807982897817356,0.5960739045433184,64580.37220398565,21995.758134165037,-50.824840708123304,-15.42190041793216,-81.2645187303167,0.0,86428.61907829432,0.5688228436278422,0.0474919504055239,0.33793063925421957,0.1670346354742455
Fe-1.15Cu_wt,CU,110,550.0,823.15,0.010120444745023863,4,1,0.0,1.0,45.59003049423073,CALPHAD_LSQ,False,194000,0.2,172454,194000,0.8889381443298969,1.6948151773419715,1.1331504989805128,54527.406867487625,39202.85810585781,-75.01192844261485,-74.31690947239038,-171.28994956663863,0.0,93409.6461858638,0.8395703036383839,0.31382108483217663,0.26506610084843235,0.31683946700307425
Fe-1.15Cu_wt,CU,110,550.0,823.15,0.010120444745023863,4,1,0.0,1.0,45.59003049423073,CALPHAD_LSQ,False,195000,0.2,173346,195000,0.8889538461538462,1.5150893319708896,1.1940405284952518,59788.77826042402,34222.11186439465,-62.35325040831589,-74.16997482146837,-144.87620597551233,0.0,93729.49069361336,0.6978705271915387,0.5164108907937607,0.08822889919820726,0.25306079376747836
Fe-1.15Cu_wt,CU,110,550.0,823.15,0.010120444745023863,4,1,0.0,1.0,45.59003049423073,CALPHAD_LSQ,False,196000,0.2,174237,196000,0.8889642857142858,1.566691494754635,0.4864525043240971,67105.82565285034,41262.82115156747,-44.748686847799426,-24.37705989133289,-206.97244226037864,0.0,108092.54861541829,0.500807080739201,0.005886313074943856,0.15608512706020927,0.9443947528603764
Fe-1.15Cu_wt,CU,110,550.0,823.15,0.010120444745023863,4,1,0.0,1.0,45.59003049423073,CALPHAD_LSQ,False,197000,0.2,175140,197000,0.8890355329949239,1.2507345640208103,1.008737613617999,48570.585790032725,34636.87536062937,-89.34383442223502,-6.143470564549148,-184.54361670549198,0.0,82927.43022896982,0.999999999999,0.02897850310904667,0.09594002305996319,0.1662978168328957
Fe-1.15Cu_wt,CU,110,550.0,823.15,0.010120444745023863,4,1,0.0,1.0,45.59003049423073,CALPHAD_LSQ,False,198000,0.2,176038,198000,0.889080808080808,0.13292854271995977,0.09489543623130448,82876.4085527143,1226.4672193365964,-6.805208535164682,-0.20581690385816542,-1.3874973636664316,0.0,84094.4772492482,0.07607217714594308,0.03906414857540913,1e-12,0.05827399597770302
Fe-1.15Cu_wt,CU,110,550.0,823.15,0.010120444745023863,4,1,0.0,1.0,45.59003049423073,CALPHAD_LSQ,False,199000,0.2,176924,199000,0.8890653266331658,1.3991815801603187,1.1691735300873085,48570.585790032725,38261.0440186852,-89.34383442223502,-39.77325780898334,-195.08374889638176,0.0,86507.42896759033,0.999999999999,0.1894144195783561,0.25024893956205807,1e-12
Fe-1.15Cu_wt,CU,110,550.0,823.15,0.010120444745023863,4,1,0.0,1.0,45.59003049423073,CALPHAD_LSQ,False,200000,0.2,177828,200000,0.88914,2.007696215795754,1.0652708913861255,48570.585790032725,53208.19081816893,-89.34383442223502,-60.5484737982386,-262.9011004083061,0.0,101365.98319957287,0.999999999999,0.08551178087717318,0.5588921422460433,0.4037740716536327
